image_id,theta_deg,width_ratio,pred_psi_mpa,survival_prob,status
LEAF_0009.jpg,52.01,0.937,-2.08369703168602,0.3908836266134534,Stressed
LEAF_0012.jpg,89.57,0.663,-0.8340918952262113,0.7576639184924774,Healthy
LEAF_0016.jpg,3.06,0.343,-4.901092452730634,0.017743469863065135,Severe
LEAF_0022.jpg,0.93,0.467,-4.836381005517036,0.019230651553535996,Severe
LEAF_0028.jpg,27.41,0.917,-3.151446948230095,0.1422576047739308,Severe
LEAF_0030.jpg,85.5,1.067,-0.5016173109734288,0.8265297720805251,Healthy
LEAF_0032.jpg,89.5,0.983,-0.43706332027232087,0.8379472839585709,Healthy
LEAF_0041.jpg,89.98,0.98,-0.42046693541348734,0.840782876870294,Healthy
LEAF_0060.jpg,88.49,0.457,-1.1373684357514646,0.6803974455229428,Healthy
LEAF_0063.jpg,87.84,0.373,-1.269919662408407,0.642820823740555,Healthy
LEAF_0068.jpg,89.8,0.86,-0.578095221145948,0.8121919500861887,Healthy
LEAF_0069.jpg,62.87,2.123,-0.14087672622837655,0.8827117910792321,Healthy
LEAF_0070.jpg,2.73,1.737,-3.172599077821088,0.13901820043183472,Severe
LEAF_0107.jpg,89.07,1.363,0.01970469909379613,0.9021950127839024,Healthy
LEAF_0112.jpg,24.98,0.963,-3.1969509307805586,0.13536560527137115,Severe
LEAF_0114.jpg,89.4,0.127,-1.511290774120451,0.5699777227714871,Stressed
LEAF_0115.jpg,89.73,0.243,-1.3523042024483507,0.6185102669205811,Healthy
LEAF_0119.jpg,90.0,0.68,-0.7946151869149016,0.7667302816329966,Healthy
LEAF_0126.jpg,2.39,0.23,-5.070741058631434,0.014360410717048364,Severe
LEAF_0130.jpg,66.81,0.517,-1.9813458158712018,0.422163365274521,Stressed
LEAF_0140.jpg,70.4,0.483,-1.8716716588931064,0.4563815348818827,Stressed
LEAF_0145.jpg,85.72,0.503,-1.197284412689399,0.663665641861458,Healthy
LEAF_0147.jpg,15.06,0.79,-3.833689763633554,0.0653014314467506,Severe
LEAF_0149.jpg,4.01,0.657,-4.468327814931875,0.03031200032406749,Severe
LEAF_0153.jpg,2.34,0.357,-4.9141121561827745,0.017458195977392125,Severe
LEAF_0162.jpg,89.48,0.27,-1.3291516157160768,0.6254085320326469,Healthy
LEAF_0166.jpg,84.21,1.253,-0.3238005833644104,0.8565051677710515,Healthy
LEAF_0170.jpg,89.04,0.227,-1.4015518609246058,0.6036800885170389,Healthy
LEAF_0173.jpg,69.55,0.503,-1.8827019104699727,0.4529158827016076,Stressed
LEAF_0175.jpg,2.39,0.277,-5.011991682810681,0.015453163697348563,Severe
LEAF_0182.jpg,80.39,0.727,-1.1432165936341185,0.6787837556610674,Healthy
LEAF_0187.jpg,82.57,0.257,-1.6383040348866946,0.5301652254416908,Stressed
LEAF_0189.jpg,42.89,0.2,-3.391517799358713,0.10901085357092347,Severe
LEAF_0190.jpg,86.04,0.49,-1.199970010032338,0.6629055745179281,Healthy
LEAF_0193.jpg,78.24,0.77,-1.1806018350830838,0.6683680099489107,Healthy
LEAF_0200.jpg,87.83,0.293,-1.3703424821635135,0.6131023120396422,Healthy
LEAF_0208.jpg,68.16,1.123,-1.166629768437348,0.6722807206755533,Healthy
LEAF_0209.jpg,0.15,1.05,-4.140701558649386,0.04520629433642965,Severe
LEAF_0212.jpg,2.46,0.787,-4.3715312805044615,0.034132751699453345,Severe
LEAF_0214.jpg,61.66,0.51,-2.208395049659724,0.3539735626851067,Stressed
LEAF_0218.jpg,18.14,1.37,-2.9781417524081,0.1712136841033456,Stressed
LEAF_0219.jpg,3.49,0.483,-4.707867377909694,0.022555161182650742,Severe
LEAF_0229.jpg,83.41,0.463,-1.3452006668702436,0.6206319836601806,Healthy
LEAF_0230.jpg,82.28,0.59,-1.2343510407111964,0.6531017529641568,Healthy
LEAF_0239.jpg,64.5,0.87,-1.638017289252982,0.5302557356373925,Stressed
LEAF_0253.jpg,90.0,0.333,-1.2283605786128033,0.6548196051895452,Healthy
LEAF_0255.jpg,87.47,0.247,-1.44310163002788,0.5910167895565209,Healthy
LEAF_0257.jpg,23.43,0.597,-3.7201478092700295,0.07465228247420379,Severe
LEAF_0267.jpg,78.21,1.103,-0.7656279040230496,0.7732356930917829,Healthy
LEAF_0269.jpg,0.32,1.387,-3.7122500369536544,0.07534658826919503,Severe
LEAF_0284.jpg,90.0,0.473,-1.0533624378701338,0.7030892507959671,Healthy
LEAF_0289.jpg,3.98,0.553,-4.599598080332887,0.0257865382291123,Severe
LEAF_0297.jpg,13.97,1.377,-3.146150717711412,0.14307850552739876,Severe
LEAF_0298.jpg,26.65,0.417,-3.808655354303217,0.06726467644767933,Severe
LEAF_0302.jpg,40.6,0.537,-3.0673412958782076,0.15576470881601448,Severe
LEAF_0303.jpg,90.0,0.463,-1.0658623050660392,0.6997719788635296,Healthy
LEAF_0310.jpg,27.07,1.083,-2.958361147165543,0.1747999359787686,Stressed
LEAF_0311.jpg,86.02,0.577,-1.0920689298036992,0.6927490449661047,Healthy
LEAF_0315.jpg,36.48,0.557,-3.2169810228875084,0.13242220917083378,Severe
LEAF_0317.jpg,0.48,0.567,-4.730457032011992,0.02193261417044709,Severe
LEAF_0318.jpg,89.97,0.63,-0.8583861694580266,0.7519665822367381,Healthy
LEAF_0322.jpg,70.61,0.667,-1.6327725765432537,0.5319108526581737,Stressed
LEAF_0330.jpg,20.13,1.28,-3.006288001785757,0.1662117054637829,Severe
LEAF_0332.jpg,76.69,0.52,-1.5588002541000576,0.5551634613006899,Stressed
LEAF_0334.jpg,0.95,1.383,-3.690545405996409,0.07728532424612217,Severe
LEAF_0355.jpg,78.97,0.43,-1.5746539200295775,0.550196771548882,Stressed
LEAF_0366.jpg,0.02,0.803,-4.454958746830506,0.03081394508806683,Severe
LEAF_0377.jpg,89.22,0.453,-1.111424982915552,0.687503733433113,Healthy
LEAF_0391.jpg,89.65,0.377,-1.188197039526158,0.6662312212126621,Healthy
LEAF_0392.jpg,50.83,0.287,-2.946206497588121,0.17703280988266915,Stressed
LEAF_0413.jpg,3.93,0.83,-4.255471169945654,0.03932799926412706,Severe
LEAF_0416.jpg,51.59,1.307,-1.639004997327942,0.529943960905254,Stressed
LEAF_0417.jpg,9.1,0.333,-4.657567478455007,0.024004015623206795,Severe
LEAF_0419.jpg,35.91,0.203,-3.68363760633095,0.07791188107677177,Severe
LEAF_0424.jpg,1.2,0.327,-4.999934327187302,0.015687356564326103,Severe
LEAF_0429.jpg,71.08,0.65,-1.6340998879465536,0.531492047022635,Stressed
LEAF_0431.jpg,28.98,1.36,-2.531153327956422,0.26685830680454964,Stressed
LEAF_0432.jpg,62.72,0.52,-2.1509636705499413,0.3707873629836795,Stressed
LEAF_0433.jpg,67.24,0.343,-2.180616571001677,0.36206399492405794,Stressed
LEAF_0435.jpg,88.6,0.633,-0.9127080690370031,0.7389061642831037,Healthy
LEAF_0441.jpg,9.94,0.567,-4.329464482290023,0.03593449686359752,Severe
LEAF_0446.jpg,20.42,0.41,-4.081483864381351,0.04855809860215543,Severe
LEAF_0448.jpg,27.03,1.353,-2.6225602616275765,0.24481626941820303,Stressed
LEAF_0450.jpg,7.64,0.84,-4.085711011051176,0.04831121608924432,Severe
LEAF_0453.jpg,89.95,0.497,-1.0254821675392956,0.710411298489681,Healthy
LEAF_0460.jpg,14.12,0.887,-3.752285977492753,0.07188724821839712,Severe
LEAF_0470.jpg,84.28,0.303,-1.5083207916603127,0.5708999477990653,Stressed
LEAF_0481.jpg,44.57,1.38,-1.8453212626803115,0.46467719729020945,Stressed
LEAF_0484.jpg,87.77,0.367,-1.2803867580410175,0.6397696394534226,Healthy
LEAF_0485.jpg,30.04,0.62,-3.41121198853951,0.10661041951199261,Severe
LEAF_0489.jpg,48.51,0.73,-2.490803048394624,0.2769805523447255,Stressed
LEAF_0496.jpg,77.13,1.363,-0.48641063321913247,0.8292753221564934,Healthy
LEAF_0498.jpg,87.86,0.173,-1.5190692419507723,0.5675601024189596,Stressed
LEAF_0503.jpg,83.59,0.81,-0.9038253957907392,0.7410719114356727,Healthy
LEAF_0513.jpg,85.21,0.687,-0.9889048478659532,0.7198532191012704,Healthy
LEAF_0522.jpg,3.51,1.377,-3.589531486220058,0.08692201233634515,Severe
LEAF_0524.jpg,78.27,0.817,-1.12058081269873,0.685005646125105,Healthy
LEAF_0525.jpg,82.99,0.37,-1.479252483682564,0.5798991842365243,Healthy
LEAF_0526.jpg,88.11,1.193,-0.2334857332717979,0.8700057196419905,Healthy
LEAF_0527.jpg,15.38,1.127,-3.3988800091198206,0.10810800491050988,Severe
LEAF_0529.jpg,14.64,0.7,-3.963991620287103,0.05591781879432654,Severe
LEAF_0530.jpg,28.64,0.49,-3.6330537683876227,0.08264335353889693,Severe
LEAF_0532.jpg,53.52,0.43,-2.653434088150518,0.23765544209070272,Stressed
LEAF_0533.jpg,8.59,0.37,-4.6329359614113645,0.02474624351940081,Severe
LEAF_0536.jpg,21.58,1.203,-3.041074061953543,0.16019222748098216,Severe
LEAF_0546.jpg,13.48,0.317,-4.4919068676828084,0.0294459610144349,Severe
LEAF_0547.jpg,24.41,0.417,-3.9036049643853747,0.06009752442896449,Severe
LEAF_0551.jpg,26.79,0.483,-3.7202218801801097,0.07464579870645226,Severe
LEAF_0553.jpg,13.86,0.563,-4.168302611524609,0.043720407894969796,Severe
LEAF_0564.jpg,79.87,0.077,-1.9777498351370122,0.4232753667093058,Stressed
LEAF_0576.jpg,33.37,1.22,-2.520067188225578,0.26961580768396337,Stressed
LEAF_0584.jpg,84.23,0.18,-1.6641885691092777,0.5219874202157736,Stressed
LEAF_0586.jpg,89.57,0.23,-1.3753361448088954,0.6116001843932333,Healthy
LEAF_0597.jpg,64.13,0.87,-1.653700930204053,0.5253024914849546,Stressed
LEAF_0605.jpg,86.65,0.6,-1.03661465741751,0.7075004697159396,Healthy
LEAF_0607.jpg,86.28,0.317,-1.406044540012691,0.602317193342527,Healthy
LEAF_0624.jpg,15.34,0.39,-4.321815750209482,0.03627179276191742,Severe
LEAF_0628.jpg,78.11,1.383,-0.4198704444163788,0.8408840382414094,Healthy
LEAF_0630.jpg,83.89,0.14,-1.7286000322803683,0.5015958696984203,Stressed
LEAF_0638.jpg,88.78,0.633,-0.9050781896554012,0.740767168008788,Healthy
LEAF_0640.jpg,16.43,0.38,-4.288112458927909,0.037794671570174104,Severe
LEAF_0648.jpg,54.16,1.387,-1.430068337478942,0.5950028721304422,Healthy
LEAF_0649.jpg,69.42,0.287,-2.1582095103437875,0.3686477159067898,Stressed
LEAF_0659.jpg,6.52,0.553,-4.491932004614727,0.02944505068146321,Severe
LEAF_0671.jpg,42.64,0.707,-2.7683715872230015,0.2122816231447442,Stressed
LEAF_0673.jpg,90.0,0.7,-0.7696154525230918,0.7723484538584177,Healthy
LEAF_0680.jpg,65.0,1.227,-1.1705779209658367,0.6711774826487716,Healthy
LEAF_0682.jpg,88.75,0.35,-1.2600960778631114,0.6456739307737417,Healthy
LEAF_0689.jpg,35.87,1.383,-2.2103488059656335,0.3534076057786701,Stressed
LEAF_0691.jpg,66.91,0.62,-1.8483583618747135,0.46371996890531947,Stressed
LEAF_0709.jpg,6.02,0.613,-4.4381269108326356,0.03145735311751905,Severe
LEAF_0712.jpg,90.0,0.267,-1.310859702105776,0.6308229261022791,Healthy
LEAF_0715.jpg,8.12,0.427,-4.581609181224445,0.026365436305426662,Severe
LEAF_0720.jpg,37.27,0.41,-3.367242377825836,0.11203483094465909,Severe
LEAF_0721.jpg,86.01,0.427,-1.2799908199301395,0.6398852639464414,Healthy
LEAF_0724.jpg,0.72,0.63,-4.641534696168987,0.02448462828277772,Severe
LEAF_0725.jpg,89.89,0.163,-1.4455210250097217,0.5902755100418524,Healthy
LEAF_0726.jpg,73.76,1.303,-0.7042581337056646,0.7865814803648217,Healthy
LEAF_0732.jpg,84.09,0.417,-1.3738760671964654,0.612039606431303,Healthy
LEAF_0734.jpg,10.31,0.493,-4.406279858588649,0.03271046497015206,Severe
LEAF_0743.jpg,17.13,0.67,-3.895944557095991,0.06064819948652335,Severe
LEAF_0753.jpg,78.35,1.313,-0.49719634227891074,0.8273315518227187,Healthy
LEAF_0758.jpg,81.85,0.117,-1.8438216931557712,0.4651499257957335,Stressed
LEAF_0760.jpg,0.6,0.427,-4.900368586500259,0.01775946408009729,Severe
LEAF_0762.jpg,84.83,0.363,-1.4100080681522105,0.6011135012446632,Healthy
LEAF_0764.jpg,80.49,1.143,-0.6189832964058057,0.8041603441200725,Healthy
LEAF_0766.jpg,0.3,0.677,-4.600588372238638,0.025755031665911258,Severe
LEAF_0767.jpg,63.58,0.387,-2.2807580360989346,0.3332955083504076,Stressed
LEAF_0770.jpg,90.0,1.383,0.08412547695721617,0.9091656563177803,Healthy
LEAF_0773.jpg,2.8,0.527,-4.682115833210519,0.023285914995410606,Severe
LEAF_0774.jpg,85.5,0.597,-1.0891110691809613,0.6935462715712959,Healthy
LEAF_0783.jpg,10.31,0.823,-3.9937842411237856,0.05395786341206748,Severe
LEAF_0796.jpg,81.28,0.833,-0.9729924866373834,0.7239015646108178,Healthy
LEAF_0803.jpg,88.56,0.897,-0.5844071038165799,0.8109688433525406,Healthy
LEAF_0807.jpg,78.49,0.377,-1.6612495611854792,0.5229166285897513,Stressed
LEAF_0812.jpg,61.7,0.55,-2.156700052124637,0.3690930259168683,Stressed
LEAF_0821.jpg,4.63,0.593,-4.5220462693379275,0.028373845679093464,Severe
LEAF_0837.jpg,89.54,1.23,-0.12662107178200088,0.8845691914978078,Healthy
LEAF_0845.jpg,12.53,0.457,-4.357177534787482,0.03473751685963074,Severe
LEAF_0847.jpg,89.81,0.623,-0.873918191501029,0.7482773936235773,Healthy
LEAF_0850.jpg,56.66,0.333,-2.641583792960629,0.24038683024293972,Stressed
LEAF_0851.jpg,88.24,0.547,-1.0354666856849901,0.7078014243315343,Healthy
LEAF_0863.jpg,84.63,1.353,-0.18099885951495676,0.8773446267408165,Healthy
LEAF_0866.jpg,90.0,1.03,-0.35711983505822875,0.8512373348860074,Healthy
LEAF_0877.jpg,87.55,0.127,-1.5897089788758048,0.5454709747911171,Stressed
LEAF_0879.jpg,58.51,1.073,-1.63817541570831,0.5302058238540325,Stressed
LEAF_0882.jpg,65.5,0.627,-1.899375843326795,0.4476857732547367,Stressed
LEAF_0885.jpg,87.28,0.25,-1.4474054314385771,0.5896978614075671,Healthy
LEAF_0892.jpg,78.17,1.22,-0.6210749865824292,0.8037425717379777,Healthy
LEAF_0899.jpg,65.36,0.273,-2.3478054926919647,0.3146905534908269,Stressed
LEAF_0905.jpg,64.99,1.387,-0.9710039280192246,0.7244049327484282,Healthy
LEAF_0907.jpg,19.56,0.45,-4.067938263754273,0.049357305104605835,Severe
LEAF_0914.jpg,66.47,0.35,-2.2045055924302845,0.35510146369394197,Stressed
LEAF_0920.jpg,4.7,0.353,-4.819075906724578,0.019648644993480104,Severe
LEAF_0925.jpg,48.2,1.047,-2.1076976061083066,0.3836668011562873,Stressed
LEAF_0926.jpg,88.85,0.38,-1.2183576543967298,0.6576790819849632,Healthy
LEAF_0930.jpg,89.84,0.423,-1.122643888855527,0.6844412667964512,Healthy
LEAF_0932.jpg,89.97,0.623,-0.8671360764951599,0.7498927586703991,Healthy
LEAF_0937.jpg,89.78,0.673,-0.8126905020851041,0.7626085635317499,Healthy
LEAF_0944.jpg,0.11,0.677,-4.608642133808107,0.02550018591544658,Severe
LEAF_0956.jpg,1.1,1.083,-4.059183189055556,0.0498804837001904,Severe
LEAF_0962.jpg,74.02,0.203,-2.068222588370673,0.39556235849881277,Stressed
LEAF_0970.jpg,86.2,0.463,-1.226937536455413,0.6552270917326604,Healthy
LEAF_0973.jpg,85.7,0.247,-1.5181287772802987,0.5678525810502327,Stressed
LEAF_0981.jpg,76.97,0.25,-1.8844279671292217,0.45237396808188124,Stressed
LEAF_0985.jpg,85.19,0.377,-1.3772484953147401,0.6110243727608602,Healthy
LEAF_0987.jpg,26.85,0.453,-3.7551781886406235,0.07164310184769783,Severe
LEAF_0994.jpg,74.24,1.087,-0.9539089201196065,0.7287086941911546,Healthy
LEAF_0996.jpg,83.22,0.43,-1.3945039901861982,0.6058148771758787,Healthy
LEAF_1000.jpg,78.8,0.237,-1.8231073541042782,0.47168601047318204,Stressed
LEAF_1008.jpg,88.47,0.223,-1.4307130925113745,0.5948059708713678,Healthy
LEAF_1009.jpg,33.68,1.327,-2.3731782614055246,0.30779815747269273,Stressed
LEAF_1020.jpg,41.46,1.11,-2.3146450373963114,0.32382265291322815,Stressed
LEAF_1042.jpg,63.78,0.427,-2.222280923557979,0.34996011398783616,Stressed
LEAF_1043.jpg,49.74,0.76,-2.4011659376992958,0.3002937043161935,Stressed
LEAF_1045.jpg,59.12,0.62,-2.1785625862229305,0.36266539632980765,Stressed
LEAF_1047.jpg,87.28,0.26,-1.4349055642426718,0.5935248935657752,Healthy
LEAF_1048.jpg,87.56,0.423,-1.2192890276891513,0.6574133149652466,Healthy
LEAF_1060.jpg,76.96,1.377,-0.4761168163386005,0.8311142005800669,Healthy
LEAF_1063.jpg,61.5,0.907,-1.7189324369881662,0.5046584619769835,Stressed
LEAF_1074.jpg,54.08,1.14,-1.742206114720728,0.4972854562095708,Stressed
LEAF_1077.jpg,85.39,0.323,-1.4362701344152908,0.5931076516230978,Healthy
LEAF_1083.jpg,87.67,0.77,-0.7808809319247159,0.7698286482592881,Healthy
LEAF_1089.jpg,84.46,0.957,-0.6831995976665279,0.7910269618295972,Healthy
LEAF_1094.jpg,88.36,1.127,-0.30538780206810134,0.8593490886898464,Healthy
LEAF_1095.jpg,63.35,1.09,-1.4117666625477527,0.600579037493289,Healthy
LEAF_1101.jpg,11.7,0.16,-4.763605812098802,0.021049375391247127,Severe
LEAF_1102.jpg,86.84,0.403,-1.2748082796073694,0.6413972033931145,Healthy
LEAF_1105.jpg,5.48,1.223,-3.6985246500272395,0.07656733280992738,Severe
LEAF_1106.jpg,10.07,1.383,-3.3039648506619113,0.1202635591416559,Severe
LEAF_1109.jpg,10.83,1.2,-3.500497374069097,0.096303844684079,Severe
LEAF_1110.jpg,45.51,0.477,-2.934214344811051,0.17925771176074698,Stressed
LEAF_1112.jpg,82.58,0.34,-1.5341312549728165,0.5628696268668751,Stressed
LEAF_1123.jpg,75.7,0.677,-1.4045166757231602,0.6027808641514231,Healthy
LEAF_1127.jpg,90.0,1.393,0.09662534415312063,0.9104653256926092,Healthy
LEAF_1128.jpg,0.95,2.58,-2.1943113026465872,0.35806532263920526,Stressed
LEAF_1130.jpg,90.0,0.94,-0.4696186398213733,0.8322668823528199,Healthy
LEAF_1138.jpg,90.0,0.49,-1.032112663637096,0.7086796789512056,Healthy
LEAF_1147.jpg,83.85,1.773,0.3109327520594425,0.9302737882329393,Healthy
LEAF_1148.jpg,88.12,1.633,0.3169323055358868,0.9307653231721655,Healthy
LEAF_1155.jpg,90.0,1.513,0.24662375050398033,0.9247988359136345,Healthy
LEAF_1158.jpg,68.32,0.687,-1.7048418631729354,0.5091215184917489,Stressed
LEAF_1171.jpg,75.12,0.963,-1.0716056408165517,0.6982407115345977,Healthy
LEAF_1177.jpg,1.58,1.54,-3.4675929131850944,0.09999428817626135,Severe
